Loan_Amount_Term,Credit_History,Loan_Status,Loan_Status_NUM,Total_Income,LoanAmount_Log,Total_Income_Log,Loan_to_Income_Ratio,Gender_Male,Married_Yes,Dependents_1,Dependents_2,Dependents_3+,Education_Not Graduate,Self_Employed_Yes,Property_Area_Semiurban,Property_Area_Urban
360.0,1.0,1,1,5849.0,4.852030263919617,8.674025985443025,0.021884082749187895,True,False,False,False,False,False,False,False,True
360.0,1.0,0,0,6091.0,4.852030263919617,8.714567550836485,0.0210146117222131,True,True,True,False,False,False,False,False,False
360.0,1.0,1,1,3000.0,4.189654742026425,8.006367567650246,0.022,True,True,False,False,False,False,True,False,True
360.0,1.0,1,1,4941.0,4.787491742782046,8.50532301884575,0.024286581663630843,True,True,False,False,False,True,False,False,True
360.0,1.0,1,1,6000.0,4.948759890378168,8.699514748210191,0.0235,True,False,False,False,False,False,False,False,True
360.0,1.0,1,1,9613.0,5.58724865840025,9.170871628065816,0.027774888172266723,True,True,False,True,False,False,True,False,True
360.0,1.0,1,1,3849.0,4.553876891600541,8.255568653283746,0.024681735515718367,True,True,False,False,False,True,False,False,True
360.0,0.0,0,0,5540.0,5.062595033026967,8.61974977974133,0.02851985559566787,True,True,False,False,True,False,False,True,False
360.0,1.0,1,1,5532.0,5.123963979403259,8.61830469278465,0.03036876355748373,True,True,False,True,False,False,False,False,True
360.0,1.0,0,0,23809.0,5.855071922202427,10.077818939438902,0.014658322483094628,True,True,True,False,False,False,False,True,False
360.0,1.0,1,1,3900.0,4.248495242049359,8.268731832117737,0.017948717948717947,True,True,False,True,False,False,False,False,True
360.0,1.0,1,1,4340.0,4.6913478822291435,8.375629627094451,0.02511520737327189,True,True,False,True,False,False,False,False,True
360.0,1.0,1,1,11179.0,5.298317366548036,9.321792297270326,0.01789068789694964,True,True,False,True,False,False,False,False,True
360.0,1.0,0,0,4693.0,4.736198448394496,8.453827315794417,0.024291497975708502,True,False,False,False,False,False,False,False,False
120.0,1.0,1,1,2385.0,2.833213344056216,7.776954403322442,0.007127882599580713,True,True,False,True,False,False,False,False,True
360.0,1.0,1,1,4950.0,4.8283137373023015,8.507142855562735,0.025252525252525252,True,False,False,False,False,False,False,False,True
240.0,1.0,1,1,3596.0,4.605170185988092,8.18757739559151,0.027808676307007785,True,False,True,False,False,True,False,False,True
360.0,0.0,0,0,3510.0,4.330733340286331,8.163371316459912,0.021652421652421653,False,False,False,False,False,False,False,False,True
360.0,1.0,0,0,4887.0,4.890349128221754,8.494333897270154,0.027215060364231634,True,True,False,False,False,True,False,False,False
360.0,1.0,1,1,6100.0,4.74493212836325,8.716044050161402,0.018852459016393444,True,True,False,False,False,False,False,False,True
360.0,0.0,0,0,7660.0,4.6443908991413725,8.943767262734637,0.013577023498694517,True,True,False,False,False,True,False,False,True
360.0,1.0,1,1,11580.0,5.752572638825633,9.357034751126987,0.027202072538860103,True,True,True,False,False,False,False,False,True
360.0,0.0,0,0,4511.0,4.7535901911063645,8.414274137408396,0.025714919086677012,True,True,False,False,False,True,False,True,False
360.0,0.0,0,0,5282.0,4.718498871295094,8.572060092857077,0.021204089360090876,True,True,False,True,False,True,False,False,False
360.0,1.0,0,0,6642.0,5.017279836814924,8.801168401936692,0.02273411623005119,True,True,True,False,False,False,False,True,False
360.0,1.0,1,1,9560.0,5.25227342804663,9.165343006045447,0.01997907949790795,True,True,False,False,False,False,True,True,False
360.0,1.0,1,1,5052.0,4.804021044733257,8.527539483470381,0.02414885193982581,True,True,False,False,False,False,False,True,False
360.0,1.0,1,1,5266.0,4.700480365792417,8.569026340056254,0.020888720091150777,True,True,False,True,False,True,False,False,True
360.0,1.0,0,0,1442.0,3.5553480614894135,7.273786317844895,0.024271844660194174,True,False,False,False,False,True,False,False,True
360.0,1.0,1,1,5833.0,4.787491742782046,8.671286726753637,0.020572604148808505,False,False,False,True,False,False,False,True,False
360.0,1.0,0,0,7535.0,5.303304908059076,8.927314111060596,0.026675514266755143,True,True,True,False,False,False,False,False,True
360.0,1.0,0,0,3167.0,4.30406509320417,8.06054004653864,0.023365961477739186,True,False,False,False,False,False,False,False,True
360.0,1.0,0,0,4692.0,4.663439094112067,8.453614209773367,0.022591645353793693,True,False,True,False,False,False,True,False,False
360.0,1.0,1,1,5167.0,4.736198448394496,8.550047528287184,0.022063092703696534,True,True,False,False,False,False,False,True,False
360.0,1.0,0,0,15500.0,5.768320995793772,9.648595302907339,0.02064516129032258,True,False,False,False,True,False,False,False,False
360.0,1.0,1,1,4342.0,4.852030263919617,8.376090350438238,0.02947950253339475,True,True,False,False,False,False,False,False,True
360.0,0.0,0,0,3158.0,4.605170185988092,8.057694194815587,0.031665611146295125,True,True,False,False,False,False,False,False,True
360.0,1.0,1,1,5126.0,4.969813299576001,8.542080906924017,0.02809207959422552,False,True,False,False,False,False,False,True,False
360.0,1.0,1,1,11376.0,5.214935757608986,9.339261152043022,0.01617440225035162,True,False,False,False,False,False,False,False,True
360.0,1.0,1,1,5416.0,4.700480365792417,8.59711281459211,0.02031019202363368,True,False,False,False,False,True,False,True,False
360.0,1.0,0,0,3600.0,4.382026634673881,8.1886891244442,0.022222222222222223,True,False,False,False,False,False,False,False,True
360.0,1.0,1,1,3013.0,3.8501476017100584,8.0106915391303,0.015599070693660804,True,False,False,False,False,False,False,False,True
360.0,1.0,1,1,2400.0,4.31748811353631,7.783224016336037,0.03125,True,True,False,False,False,False,False,False,True
360.0,1.0,1,1,6277.0,4.897839799950911,8.744647438317532,0.021347777600764697,True,True,False,False,False,False,False,True,False
360.0,1.0,1,1,4695.0,4.564348191467836,8.454253391642363,0.020447284345047924,True,True,False,False,False,True,True,False,True
360.0,1.0,1,1,3410.0,4.477336814478207,8.134467570277563,0.025806451612903226,False,False,False,False,False,False,False,False,True
360.0,1.0,1,1,5649.0,3.784189633918261,8.639233817325263,0.007788989201628607,True,True,True,False,False,False,False,False,True
360.0,1.0,1,1,5821.0,4.969813299576001,8.669227347271736,0.02473801752276241,True,True,False,False,False,False,False,False,True
360.0,0.0,0,0,6085.0,4.787491742782046,8.713582005421628,0.01972062448644207,False,True,False,False,False,False,False,False,True
360.0,1.0,1,1,6275.0,4.969813299576001,8.744328763999984,0.022948207171314742,False,False,False,False,False,False,False,True,False
360.0,1.0,1,1,3572.0,4.605170185988092,8.18088094199639,0.027995520716685332,False,True,False,False,False,True,False,True,False
360.0,1.0,1,1,3086.0,4.787491742782046,8.034631032923107,0.03888528839922229,False,False,False,False,False,False,False,True,False
360.0,1.0,0,0,4230.0,4.718498871295094,8.349957272040324,0.026477541371158392,False,False,False,False,False,False,False,True,False
360.0,1.0,0,0,4616.0,4.897839799950911,8.437283808187935,0.02902946273830156,True,True,False,True,False,False,False,False,True
360.0,0.0,0,0,11500.0,5.655991810819852,9.350102314351341,0.024869565217391306,False,True,True,False,False,False,True,False,True
360.0,1.0,1,1,3875.0,4.574710978503383,8.262300941787448,0.02503225806451613,True,True,False,True,False,False,False,True,False
360.0,1.0,1,1,3723.0,4.564348191467836,8.222285073872717,0.0257856567284448,True,True,False,False,False,False,False,True,False
360.0,1.0,0,0,5566.0,4.90527477843843,8.624431942085836,0.024254401724757457,True,True,False,False,False,False,False,False,False
360.0,1.0,1,1,10330.0,5.19295685089021,9.242807562113684,0.017424975798644726,True,True,True,False,False,False,False,False,True
360.0,1.0,1,1,6216.0,4.969813299576001,8.734881892047483,0.023166023166023165,True,True,False,True,False,True,False,False,True
360.0,1.0,1,1,6296.0,4.787491742782046,8.74766979009724,0.01905972045743329,True,True,False,False,False,False,False,False,True
360.0,1.0,1,1,3029.0,4.59511985013459,8.015987811027237,0.03268405414328161,True,True,False,False,True,False,False,False,True
180.0,0.0,0,0,6058.0,5.10594547390058,8.709134991587183,0.02723671178606801,True,True,False,False,False,True,True,False,False
360.0,0.0,0,0,4945.0,4.852030263919617,8.506132244056813,0.025884732052578362,True,True,True,False,False,False,False,False,False
360.0,0.0,0,0,4166.0,4.7535901911063645,8.334711621820917,0.02784445511281805,False,False,False,False,False,False,False,True,False
360.0,1.0,0,0,10321.0,5.552959584921617,9.241935933565934,0.024997577754093597,True,True,False,False,False,False,False,True,False
180.0,0.0,0,0,5454.0,4.836281906951478,8.604104563405533,0.0231023102310231,True,False,False,False,False,True,False,False,True
360.0,1.0,1,1,10750.0,5.7430031878094825,9.28266103355581,0.02902325581395349,True,True,True,False,False,False,False,False,True
60.0,1.0,1,1,7100.0,4.8283137373023015,8.867850063029406,0.017605633802816902,True,True,False,False,True,True,True,False,True
360.0,0.0,0,0,4300.0,4.912654885736052,8.366370301681654,0.03162790697674418,False,False,False,False,False,False,False,True,False
360.0,1.0,1,1,6274.0,5.147494476813453,8.744169388750624,0.027414727446605038,True,True,False,False,False,False,False,False,True
360.0,1.0,1,1,3750.0,4.574710978503383,8.229511118964457,0.025866666666666666,True,True,False,True,False,True,True,True,False
300.0,1.0,1,1,3500.0,4.394449154672439,8.160518247477505,0.023142857142857142,True,False,False,False,False,False,False,True,False
360.0,0.0,0,0,4755.0,4.553876891600541,8.46695197497949,0.019978969505783387,True,True,False,False,True,True,False,True,False
360.0,1.0,1,1,7040.0,5.231108616854587,8.859363449152088,0.0265625,True,True,False,False,True,False,True,True,False
480.0,1.0,0,0,3750.0,4.727387818712341,8.229511118964457,0.030133333333333335,True,False,False,False,False,False,False,False,True
360.0,1.0,0,0,8500.0,5.170483995038151,9.047821442478408,0.020705882352941178,True,False,False,False,False,False,False,False,True
360.0,1.0,0,0,4022.0,4.700480365792417,8.299534570332597,0.02734957732471407,True,True,True,False,False,False,True,False,True
300.0,0.0,0,0,7167.0,5.19295685089021,8.877242435993919,0.025115110925073254,True,True,False,False,True,False,False,True,False
360.0,1.0,1,1,5499.0,4.867534450455582,8.612321536507814,0.02364066193853428,True,True,False,False,True,True,True,True,False
360.0,1.0,1,1,3846.0,4.709530201312334,8.254788926148725,0.028861154446177848,False,False,False,False,False,False,False,True,False
360.0,1.0,1,1,2395.0,4.852030263919617,7.781138509845015,0.05344467640918581,True,True,True,False,False,False,True,True,False
360.0,1.0,0,0,3259.0,5.117993812416755,8.089175678837561,0.0512427124884934,False,True,False,True,False,False,False,False,True
360.0,1.0,0,0,8250.0,5.579729825986222,9.017968479328726,0.03212121212121212,True,True,False,False,False,False,False,True,False
240.0,1.0,1,1,3988.0,3.912023005428146,8.291045131081729,0.012537612838515547,True,True,True,False,False,False,False,False,True
360.0,1.0,1,1,4897.0,4.912654885736052,8.496378051702317,0.027772105370635083,True,False,False,False,False,False,False,True,False
360.0,1.0,1,1,5333.0,4.59511985013459,8.581669210600602,0.0185636602287643,True,True,False,True,False,True,False,True,False
360.0,1.0,1,1,4618.0,4.6443908991413725,8.43771698991444,0.02252057167605024,True,True,False,False,False,False,False,True,False
360.0,1.0,1,1,8566.0,5.3471075307174685,9.055556158175316,0.02451552650011674,True,False,False,False,False,False,False,False,True
360.0,1.0,1,1,9862.0,5.1647859739235145,9.196444266784072,0.017744879334820524,True,True,False,False,False,False,False,True,False
360.0,1.0,1,1,5858.0,4.875197323201151,8.675563527387679,0.022362581085694777,True,True,False,False,False,False,False,True,False
180.0,1.0,1,1,11904.0,5.236441962829949,9.384629757072872,0.015793010752688172,True,True,False,True,False,False,False,True,False
360.0,1.0,1,1,5093.0,4.394449154672439,8.535622326884605,0.015904182210877676,True,True,False,True,False,True,False,False,True
360.0,1.0,1,1,4133.0,4.804021044733257,8.326758814511733,0.029518509557222357,True,False,False,False,False,False,False,True,False
120.0,1.0,1,1,3620.0,3.2188758248682006,8.194229304819817,0.006906077348066298,True,False,False,False,False,True,False,True,False
360.0,1.0,0,0,6782.0,4.852030263919617,8.822027322685583,0.018873488646416987,True,False,False,False,False,False,False,False,True
360.0,1.0,1,1,4786.0,4.919980925828125,8.47345026846832,0.028625156707062265,False,True,False,False,False,False,False,True,False
360.0,1.0,1,1,2974.0,3.912023005428146,7.9976631270201,0.016812373907195696,True,True,False,False,False,False,False,True,False
180.0,1.0,1,1,4188.0,4.74493212836325,8.339978571990427,0.027459407831900668,True,True,False,False,False,True,False,True,False
360.0,1.0,1,1,5300.0,4.875197323201151,8.575462099540212,0.02471698113207547,True,True,False,False,False,False,False,True,False
180.0,1.0,1,1,7551.0,4.890349128221754,8.929435283803425,0.01761356111773275,True,True,False,True,False,True,False,False,True
360.0,1.0,1,1,8649.0,5.017279836814924,9.065198986306513,0.017458665741704245,True,False,False,False,False,False,False,True,False
360.0,1.0,1,1,13650.0,4.852030263919617,9.521494800613105,0.009377289377289377,True,True,False,False,False,False,False,False,True
360.0,1.0,1,1,8235.0,4.852030263919617,9.016148642611741,0.01554341226472374,True,True,False,False,False,False,False,True,False
360.0,1.0,1,1,4570.0,5.075173815233827,8.42726848388825,0.0350109409190372,True,True,False,False,False,False,False,False,True
360.0,1.0,1,1,4082.0,4.605170185988092,8.31434234336979,0.02449779519843214,True,True,True,False,False,False,False,False,True
360.0,1.0,1,1,12543.0,5.41610040220442,9.436918020024674,0.01793829227457546,True,True,False,True,False,False,False,False,True
360.0,1.0,0,0,7333.0,4.787491742782046,8.9001399880938,0.01636438019909996,True,False,False,False,False,True,False,False,False
360.0,0.0,0,0,7400.0,5.375278407684165,8.909235279192261,0.02918918918918919,True,True,False,True,False,False,False,False,True
480.0,1.0,1,1,2825.0,4.543294782270004,7.946263643580541,0.03327433628318584,True,True,False,False,True,True,False,True,False
360.0,1.0,1,1,5316.0,4.912654885736052,8.578476419833136,0.025583145221971408,True,False,False,False,False,False,False,False,True
360.0,1.0,1,1,5262.0,4.9344739331306915,8.568266461600238,0.026415811478525276,False,True,False,False,False,False,False,True,False
360.0,0.0,0,0,7686.0,5.0238805208462765,8.94715577112479,0.019776216497527973,True,True,False,False,False,True,False,False,False
360.0,1.0,1,1,7451.0,4.852030263919617,8.916103530553727,0.01717890216078379,False,False,True,False,False,False,True,True,False
360.0,1.0,1,1,5050.0,4.770684624465665,8.527143522269405,0.023366336633663366,True,False,False,False,False,False,False,True,False
180.0,1.0,1,1,14583.0,5.220355825078324,9.587611745713565,0.012686004251525749,True,True,True,False,False,False,False,False,False
360.0,1.0,1,1,5450.0,5.0369526024136295,8.60337088765729,0.028256880733944955,False,True,False,False,False,False,False,True,False
360.0,1.0,1,1,3612.0,4.442651256490317,8.192016914536875,0.02353266888150609,True,True,True,False,False,False,False,False,True
360.0,1.0,0,0,7710.0,5.1647859739235145,8.950273466557375,0.022697795071335927,True,True,False,False,False,False,False,False,False
360.0,1.0,1,1,10408.0,5.556828061699537,9.250330020192342,0.024884704073789392,False,False,False,False,False,False,False,False,True
360.0,1.0,1,1,8334.0,5.19295685089021,9.0280988119824,0.02159827213822894,True,True,False,False,False,False,False,False,False
360.0,1.0,1,1,4166.0,3.784189633918261,8.334711621820917,0.01056168987037926,False,False,False,False,False,False,False,True,False
360.0,0.0,1,1,11117.0,4.919980925828125,9.316230747233615,0.01232346856166232,False,False,False,False,False,False,False,True,False
360.0,1.0,1,1,2957.0,4.394449154672439,7.9919305198524775,0.027392627663172135,True,True,False,True,False,False,False,True,False
360.0,1.0,1,1,6314.0,5.267858159063328,8.750524669117937,0.030725372188786824,True,True,False,False,False,True,False,False,False
360.0,1.0,1,1,3692.0,4.532599493153256,8.213923595622743,0.025189599133261104,False,False,False,False,False,False,False,False,False
360.0,1.0,1,1,23803.0,5.91350300563827,10.077566902136047,0.015544259127000798,True,True,False,False,True,False,False,False,False
360.0,1.0,1,1,5505.0,4.852030263919617,8.61341204915678,0.023251589464123524,True,False,False,False,False,False,False,False,False
180.0,0.0,0,0,14363.0,5.075173815233827,9.572410734431823,0.011139734038849823,True,True,True,False,False,False,True,False,True
360.0,1.0,0,0,8649.0,5.204006687076795,9.065198986306513,0.021042895132385248,True,True,False,False,False,False,False,False,False
480.0,1.0,1,1,20166.0,6.476972362889683,9.91175329695316,0.03223247049489239,True,False,False,False,False,False,True,False,True
360.0,1.0,1,1,3943.0,4.30406509320417,8.279697133877628,0.018767435962465127,True,False,False,False,False,False,False,False,True
360.0,1.0,1,1,2718.0,4.248495242049359,7.907651594711089,0.025754231052244298,True,False,False,False,False,False,False,True,False
120.0,1.0,1,1,3459.0,3.2188758248682006,8.148734808937169,0.007227522405319456,True,True,False,False,False,False,True,True,False
360.0,1.0,1,1,4895.0,4.624972813284271,8.49596955496461,0.020837589376915218,True,False,False,False,False,False,False,True,False
360.0,1.0,0,0,11750.0,5.66988092298052,9.371608519572305,0.02468085106382979,True,True,False,False,True,False,False,True,False
360.0,1.0,0,0,4583.0,4.430816798843313,8.430109084509125,0.0183286057167794,False,True,False,False,False,False,False,False,False
360.0,1.0,1,1,6816.0,4.477336814478207,8.827028068509152,0.012910798122065728,True,True,False,True,False,False,True,False,True
360.0,0.0,0,0,14999.0,5.488937726156687,9.61573881119536,0.016134408960597372,True,False,False,False,False,False,False,True,False
360.0,1.0,0,0,5630.0,4.859812404361672,8.635864721133736,0.022912966252220248,True,True,False,True,False,True,False,False,False
360.0,1.0,0,0,7125.0,5.220355825078324,8.871365005136852,0.025964912280701753,True,True,False,True,False,False,False,False,False
360.0,1.0,1,1,5417.0,5.123963979403259,8.597297435657898,0.031013476093778844,True,False,False,False,False,False,False,False,True
180.0,1.0,1,1,6950.0,5.1647859739235145,8.846496938558838,0.025179856115107913,True,False,False,False,False,False,True,True,False
360.0,1.0,1,1,4732.0,4.804021044733257,8.462103225098277,0.02578191039729501,True,True,False,False,False,False,False,True,False
180.0,1.0,1,1,11757.0,5.231108616854587,9.372204086867741,0.01590541804882198,True,True,False,True,False,False,False,False,True
360.0,1.0,1,1,6816.0,4.605170185988092,8.827028068509152,0.014671361502347418,False,True,False,False,False,False,False,True,False
360.0,1.0,1,1,14866.0,4.248495242049359,9.60683200528524,0.0047087313332436435,False,True,False,True,False,False,False,False,True
360.0,1.0,1,1,2963.0,3.4011973816621555,7.993957547573565,0.010124873439082012,True,True,True,False,False,False,False,False,True
360.0,1.0,0,0,11666.0,5.41610040220442,9.364433907313582,0.019286816389507973,False,False,False,False,False,False,False,False,False
360.0,1.0,1,1,5690.0,4.8283137373023015,8.646465527120377,0.021968365553602813,True,True,False,False,False,False,False,True,False
360.0,0.0,0,0,6277.0,4.770684624465665,8.744647438317532,0.018798789230524134,True,False,False,False,False,False,False,False,False
360.0,1.0,1,1,6327.0,5.0238805208462765,8.752581469146884,0.024024024024024024,True,True,False,False,False,False,True,False,False
360.0,1.0,0,0,9166.0,5.497168225293202,9.123256265069069,0.026620117826751038,True,False,False,False,False,False,False,False,True
360.0,1.0,0,0,2281.0,4.727387818712341,7.732369222284388,0.049539675580885574,True,True,False,True,False,True,False,False,False
360.0,1.0,1,1,3254.0,3.912023005428146,8.087640287778983,0.015365703749231715,True,False,False,False,False,False,False,False,True
180.0,0.0,1,1,39999.0,6.396929655216146,10.596609732783568,0.015000375009375235,True,True,False,False,True,False,False,True,False
360.0,1.0,1,1,6000.0,5.075173815233827,8.699514748210191,0.02666666666666667,True,True,True,False,False,False,False,False,False
360.0,1.0,1,1,9538.0,5.231108616854587,9.16303909885817,0.019605787376808556,True,True,True,False,False,False,False,False,True
360.0,1.0,1,1,5063.0,4.787491742782046,8.529714471969909,0.023701362828362632,True,False,False,False,False,False,False,False,False
360.0,1.0,1,1,10208.0,5.541263545158426,9.23092700558457,0.02498040752351097,True,True,False,False,False,False,False,True,False
360.0,1.0,1,1,2904.0,4.584967478670572,7.973844375944687,0.0337465564738292,True,True,False,False,False,True,False,True,False
360.0,1.0,0,0,7933.0,5.616771097666572,8.978786553302003,0.03466532207235598,True,True,False,False,False,False,False,False,True
360.0,0.0,0,0,4369.0,4.795790545596741,8.382289428951436,0.027695124742504004,True,True,True,False,False,False,False,True,False
360.0,1.0,1,1,5614.0,5.062595033026967,8.633018756921828,0.028143925899536872,True,True,False,True,False,False,False,False,False
180.0,1.0,1,1,9323.0,4.31748811353631,9.140239744296693,0.008044620830204869,True,True,False,False,False,False,False,False,True
360.0,1.0,1,1,6873.0,5.204006687076795,8.835355971121606,0.02648043067074058,True,True,False,False,False,False,False,False,False
360.0,1.0,0,0,4583.0,4.718498871295094,8.430109084509125,0.02443814095570587,False,True,False,False,False,False,False,False,False
360.0,1.0,1,1,5772.0,4.859812404361672,8.660773919893762,0.02234927234927235,True,True,False,False,False,False,False,False,False
480.0,0.0,0,0,2237.0,4.143134726391533,7.71289096149013,0.028162717925793473,True,False,False,False,False,False,False,True,False
360.0,1.0,1,1,8000.0,5.298317366548036,8.987196820661973,0.025,True,True,False,True,False,False,False,True,False
360.0,1.0,1,1,3589.0,4.553876891600541,8.185628891147607,0.026469768737809974,True,True,False,False,False,True,False,False,False
300.0,1.0,1,1,51763.0,6.551080335043404,10.854430887309706,0.013523172922744044,True,True,False,False,True,False,False,False,True
180.0,1.0,0,0,3522.0,4.394449154672439,8.166784289056151,0.022998296422487224,True,True,False,False,True,True,False,False,False
360.0,1.0,1,1,11333.0,5.231108616854587,9.335474102732949,0.016500485308391422,True,True,False,False,False,False,False,True,False
360.0,1.0,0,0,5080.0,4.465908118654584,8.533066540572527,0.017125984251968505,True,True,False,False,False,True,True,True,False
360.0,1.0,1,1,5461.0,4.7535901911063645,8.605387202152153,0.021241530855154733,True,True,False,False,False,False,False,False,False
360.0,1.0,1,1,3664.0,4.61512051684126,8.20631072579402,0.027565502183406112,True,True,False,True,False,False,False,False,False
360.0,0.0,0,0,16816.0,6.20455776256869,9.730086093116732,0.029436251189343482,True,True,False,False,True,False,False,True,False
360.0,1.0,1,1,3750.0,4.7535901911063645,8.229511118964457,0.030933333333333334,True,True,True,False,False,False,False,True,False
480.0,0.0,0,0,3784.0,4.624972813284271,8.238536930171769,0.026955602536997886,True,False,False,False,False,True,False,False,True
360.0,0.0,0,0,13650.0,5.19295685089021,9.521494800613105,0.013186813186813187,True,True,True,False,False,False,False,False,True
360.0,1.0,0,0,6979.0,4.204692619390966,8.850660919017152,0.00960022925920619,True,False,False,False,False,False,False,False,False
180.0,1.0,1,1,4600.0,4.290459441148391,8.433811582477187,0.015869565217391305,True,True,False,False,False,False,False,True,False
360.0,1.0,0,0,33846.0,5.560681631015528,10.429576102968031,0.00768185309933227,True,True,True,False,False,False,False,True,False
360.0,1.0,1,1,3625.0,4.68213122712422,8.195609567288775,0.029793103448275862,False,True,False,False,False,False,False,True,False
360.0,1.0,1,1,43897.0,4.787491742782046,10.689601259598334,0.0027336720049206094,True,True,False,False,False,False,True,True,False
300.0,0.0,0,0,2178.0,4.189654742026425,7.686162303492906,0.030303030303030304,True,True,True,False,False,False,True,False,False
360.0,1.0,1,1,4521.0,4.060443010546419,8.416488487294606,0.012829020128290201,True,True,False,False,False,False,False,False,False
360.0,1.0,1,1,5970.0,5.123963979403259,8.694502206386648,0.02814070351758794,True,True,False,False,False,False,True,False,False
180.0,1.0,1,1,9328.0,5.236441962829949,9.140775908590273,0.020154373927958835,True,True,False,False,False,False,False,False,False
360.0,1.0,1,1,4885.0,3.871201010907891,8.493924564476883,0.009825997952917094,True,False,False,False,False,True,False,False,False
360.0,1.0,0,0,12000.0,5.099866427824199,9.392661928770137,0.013666666666666667,True,False,False,False,False,False,False,True,False
360.0,1.0,0,0,6033.0,5.075173815233827,8.704999678440762,0.026520802254268193,True,True,False,False,False,True,False,False,True
360.0,1.0,1,1,3858.0,4.330733340286331,8.257904193465674,0.019699326075686883,True,False,False,False,False,False,False,True,False
360.0,1.0,1,1,4191.0,4.787491742782046,8.340694647925071,0.02863278453829635,True,False,False,False,False,False,False,False,False
360.0,1.0,0,0,5708.0,5.135798437050262,8.649623978596727,0.029782761037140854,True,True,True,False,False,False,False,True,False
360.0,1.0,1,1,12083.0,5.231108616854587,9.399554785027307,0.015476289001075892,True,False,False,False,False,False,False,False,False
360.0,1.0,1,1,4272.0,4.787491742782046,8.35983738064003,0.028089887640449437,False,False,False,False,False,True,False,False,True
360.0,1.0,1,1,6232.0,4.727387818712341,8.737452587550584,0.01813222079589217,False,True,False,False,False,False,False,True,False
360.0,1.0,0,0,11000.0,4.418840607796598,9.305650551780507,0.007545454545454545,True,False,False,False,False,False,True,False,True
360.0,1.0,1,1,5100.0,4.499809670330265,8.536995818712418,0.01764705882352941,True,True,True,False,False,True,False,True,False
360.0,0.0,1,1,4923.0,5.111987788356544,8.5016733797582,0.03371927686370099,True,False,False,True,False,False,False,True,False
180.0,1.0,0,0,3992.0,4.852030263919617,8.292047637431354,0.03206412825651302,True,True,False,False,True,True,False,False,True
360.0,1.0,1,1,4583.0,4.90527477843843,8.430109084509125,0.029456687759109753,True,True,True,False,False,True,False,False,True
360.0,1.0,1,1,3917.0,4.820281565605037,8.27308133366583,0.03165688026550932,True,True,False,True,False,True,False,True,False
360.0,1.0,1,1,4408.0,4.787491742782046,8.391176350832751,0.02722323049001815,False,False,False,False,False,True,False,True,False
360.0,1.0,1,1,3244.0,4.382026634673881,8.084562415235304,0.02466091245376079,False,False,False,False,False,False,False,False,True
360.0,1.0,1,1,6506.0,4.007333185232471,8.780480107033297,0.008453735013833385,True,False,False,False,False,True,False,False,False
360.0,1.0,1,1,2479.0,4.07753744390572,7.8156105320351905,0.02379991932230738,True,False,False,False,False,False,False,False,True
360.0,1.0,0,0,3418.0,4.844187086458591,8.136810863675537,0.0371562317144529,True,False,False,False,False,False,False,True,False
360.0,1.0,0,0,10000.0,5.365976015021851,9.210340371976184,0.0214,False,False,False,False,False,False,False,True,False
360.0,0.0,0,0,4680.0,4.852030263919617,8.451053388911692,0.02735042735042735,True,True,False,False,True,False,False,True,False
360.0,1.0,1,1,7787.0,5.480638923341991,8.960210955576986,0.030820598433286245,True,True,True,False,False,False,True,False,True
360.0,1.0,1,1,5703.0,4.867534450455582,8.648747631156539,0.02279502016482553,True,True,False,False,True,True,True,False,False
360.0,1.0,1,1,6194.0,4.919980925828125,8.731336360533149,0.022118178882789795,True,True,False,False,False,False,False,False,True
360.0,1.0,1,1,4833.0,4.605170185988092,8.483222671845084,0.02069108214359611,True,True,False,False,True,True,False,True,False
360.0,1.0,0,0,1950.0,4.90527477843843,7.575584651557793,0.06923076923076923,True,True,False,False,False,False,False,False,False
360.0,1.0,1,1,5502.0,4.875197323201151,8.61286694148452,0.023809523809523808,True,True,False,False,False,False,False,True,False
360.0,0.0,0,0,5000.0,4.276666119016055,8.517193191416238,0.0144,True,True,False,True,False,False,False,True,False
360.0,1.0,1,1,6666.0,4.844187086458591,8.804775258867686,0.019051905190519053,False,True,False,True,False,False,False,True,False
360.0,0.0,0,0,2221.0,4.0943445622221,7.7057128238944275,0.0270148581719946,True,True,False,False,False,False,False,False,True
360.0,1.0,1,1,5726.0,4.7535901911063645,8.65277248565806,0.020258470136220747,True,True,False,True,False,False,False,True,False
360.0,1.0,1,1,5762.0,4.969813299576001,8.659039915644474,0.024991322457480043,True,False,False,False,False,False,False,True,False
360.0,1.0,1,1,8588.0,5.1647859739235145,9.058121158998672,0.0203772706101537,True,True,False,False,False,False,False,True,False
360.0,1.0,1,1,6250.0,4.852030263919617,8.740336742730447,0.02048,True,True,False,False,False,False,False,True,False
360.0,1.0,0,0,3250.0,5.135798437050262,8.086410275323782,0.052307692307692305,True,True,False,False,False,False,False,False,False
360.0,1.0,0,0,4735.0,4.927253685157205,8.462737005620179,0.02914466737064414,True,True,False,False,False,True,True,False,True
360.0,1.0,1,1,7945.0,5.3471075307174685,8.980298078970817,0.02643171806167401,True,True,False,True,False,False,False,True,False
480.0,1.0,1,1,4758.0,5.062595033026967,8.467582690862903,0.0332072299285414,True,True,False,False,False,False,False,True,False
360.0,1.0,1,1,6400.0,5.298317366548036,8.764053269347762,0.03125,True,False,False,False,False,False,True,False,False
360.0,1.0,1,1,4545.0,4.6443908991413725,8.421783006611578,0.02288228822882288,True,True,True,False,False,False,False,True,False
180.0,1.0,1,1,3716.0,3.7376696182833684,8.22040309993373,0.011302475780409042,True,True,False,False,False,False,False,False,False
360.0,1.0,1,1,5787.0,4.787491742782046,8.663369301573839,0.020736132711249352,True,False,False,False,False,True,False,False,False
360.0,1.0,1,1,8333.0,5.634789603169249,9.027978814382207,0.03360134405376215,False,False,False,False,False,False,False,True,False
360.0,1.0,1,1,4934.0,4.941642422609304,8.503905297089302,0.02837454398054317,True,True,True,False,False,False,False,True,False
360.0,1.0,1,1,6760.0,5.135798437050262,8.81877816903701,0.02514792899408284,True,True,True,False,False,False,False,False,False
360.0,1.0,0,0,5746.0,5.541263545158426,8.656259239539235,0.04437869822485207,True,True,False,False,False,False,False,False,True
360.0,1.0,1,1,3463.0,4.804021044733257,8.149890544402423,0.03522956973722206,False,False,False,False,False,False,True,False,True
360.0,1.0,1,1,3812.0,4.718498871295094,8.245909264774093,0.02938090241343127,False,False,True,False,False,False,False,False,False
360.0,1.0,1,1,3315.0,4.564348191467836,8.106212902619962,0.02895927601809955,True,True,True,False,False,False,False,True,False
360.0,1.0,1,1,10819.0,4.787491742782046,9.289059126687574,0.01109159811442832,True,True,False,True,False,False,False,False,False
180.0,1.0,0,0,4493.0,4.941642422609304,8.41027590907016,0.031159581571333184,True,True,True,False,False,True,False,False,True
60.0,1.0,1,1,8666.0,5.043425116919247,9.067162602299854,0.017885991230094624,True,False,False,False,False,False,False,False,True
360.0,1.0,1,1,7550.0,4.68213122712422,8.92930284224307,0.014304635761589404,True,True,False,True,False,False,True,False,False
360.0,1.0,1,1,7823.0,4.812184355372417,8.96482339168508,0.01572286846478333,True,True,False,False,False,True,False,True,False
180.0,1.0,0,0,10383.0,4.787491742782046,9.247925132303454,0.011557353366079168,True,False,False,False,False,False,True,False,True
360.0,1.0,1,1,9703.0,4.718498871295094,9.1801903950253,0.011542821807688343,True,True,False,True,False,False,False,False,True
180.0,1.0,1,1,6608.0,4.919980925828125,8.796036315200814,0.020732445520581115,True,True,True,False,False,True,False,False,True
480.0,1.0,1,1,4725.0,4.812184355372417,8.460622839927844,0.02603174603174603,True,True,True,False,False,False,False,True,False
360.0,1.0,1,1,3677.0,4.499809670330265,8.209852481301272,0.024476475387544192,True,True,False,False,False,False,False,False,True
360.0,0.0,0,0,5558.0,5.303304908059076,8.62299361030245,0.0361640878013674,True,True,False,False,False,True,False,True,False
360.0,1.0,0,0,3427.0,4.927253685157205,8.139440521874608,0.040268456375838924,False,False,False,True,False,False,False,False,True
360.0,1.0,1,1,4750.0,4.6443908991413725,8.465899897028686,0.021894736842105262,True,False,False,False,False,True,True,False,False
180.0,1.0,1,1,9762.0,5.631211781821365,9.186252576447092,0.02858020897357099,True,True,True,False,False,True,False,True,False
360.0,0.0,0,0,16250.0,5.2574953720277815,9.695848187757884,0.011815384615384615,True,False,False,False,False,False,True,False,True
360.0,1.0,1,1,3083.0,5.541263545158426,8.03365842788615,0.08271164450210834,False,False,False,False,True,False,False,False,False
360.0,0.0,0,0,6045.0,4.74493212836325,8.706986763048892,0.01902398676592225,True,False,False,False,False,True,False,False,False
360.0,1.0,0,0,5250.0,4.543294782270004,8.565983355585669,0.017904761904761906,True,True,False,False,True,False,False,False,True
360.0,1.0,0,0,16783.0,5.717027701406222,9.72812174830818,0.018113567300244295,True,True,False,False,False,False,False,False,False
360.0,1.0,0,0,4931.0,4.852030263919617,8.503297086224126,0.02595822348408031,True,True,False,False,True,True,False,True,False
360.0,1.0,1,1,10333.0,5.799092654460526,9.243097936214355,0.03193651408109939,True,True,True,False,False,False,False,False,True
360.0,1.0,1,1,4269.0,4.897839799950911,8.359134886757962,0.03138908409463575,True,False,False,False,False,False,False,True,False
36.0,1.0,0,0,3481.0,5.043425116919247,8.15507488781144,0.04452743464521689,False,False,True,False,False,False,False,True,False
360.0,1.0,1,1,7200.0,4.787491742782046,8.881836305004146,0.016666666666666666,False,False,False,False,False,False,False,False,False
360.0,1.0,1,1,5166.0,4.852030263919617,8.549853973655786,0.024777390631049168,True,False,False,False,False,False,True,True,False
360.0,1.0,1,1,7542.0,5.017279836814924,8.928242677818302,0.02002121453195439,True,False,False,False,False,False,False,False,False
360.0,1.0,1,1,6095.0,5.0106352940962555,8.715224041915372,0.02461033634126333,True,True,False,True,False,False,False,True,False
360.0,0.0,1,1,6144.0,5.075173815233827,8.723231274827508,0.026041666666666668,True,True,False,False,True,False,False,False,True
360.0,1.0,0,0,3418.0,4.90527477843843,8.136810863675537,0.03949678174370977,False,False,False,False,False,False,False,False,False
360.0,1.0,1,1,4436.0,4.499809670330265,8.397508348470257,0.02028854824165915,False,False,True,False,False,False,False,False,True
360.0,1.0,1,1,3237.0,3.4011973816621555,8.082402253926244,0.009267840593141797,False,False,False,False,False,False,False,False,True
360.0,1.0,1,1,11146.0,4.912654885736052,9.318835968129482,0.012201686703750225,True,True,False,False,False,False,False,False,True
360.0,1.0,1,1,4690.0,4.836281906951478,8.453187861440325,0.026865671641791045,True,False,False,False,False,False,False,False,False
360.0,1.0,1,1,4843.0,5.0106352940962555,8.48528964240323,0.03097253768325418,True,True,False,False,False,False,False,True,False
360.0,1.0,1,1,3900.0,4.499809670330265,8.268731832117737,0.023076923076923078,True,True,False,True,False,False,False,True,False
360.0,1.0,1,1,4592.0,4.74493212836325,8.432070937999402,0.02504355400696864,True,True,True,False,False,False,False,True,False
360.0,1.0,1,1,7267.0,5.332718793265369,8.891098830616636,0.02848493188385854,True,True,False,False,False,False,False,True,False
360.0,1.0,1,1,4403.0,4.382026634673881,8.390041405755754,0.018169429934135818,True,True,False,False,False,False,False,False,True
360.0,1.0,1,1,14583.0,6.077642243349034,9.587611745713565,0.02989782623602825,True,True,False,False,False,False,False,True,False
360.0,1.0,1,1,4100.0,4.820281565605037,8.318742252692399,0.03024390243902439,False,True,False,False,False,True,False,False,False
360.0,0.0,0,0,6479.0,5.062595033026967,8.776321456449958,0.02438647939496836,True,False,True,False,False,True,True,False,True
360.0,1.0,1,1,4727.0,4.718498871295094,8.461046030793236,0.0236936746350751,True,True,False,False,False,False,False,True,False
180.0,1.0,1,1,3286.7999878,4.356708826689592,8.097669722345216,0.023731288879615956,True,True,False,True,False,False,False,False,True
360.0,1.0,1,1,3477.0,3.9889840465642745,8.153925132007862,0.015530629853321829,False,False,False,False,False,False,False,False,True
360.0,1.0,0,0,20667.0,4.852030263919617,9.936293504261306,0.006193448492766246,True,True,False,False,False,False,False,False,False
360.0,1.0,1,1,6211.0,4.48863636973214,8.734077192559303,0.014329415553051039,True,False,False,False,False,False,False,False,False
300.0,1.0,0,0,4317.0,4.59511985013459,8.370315995555478,0.022932592077831826,False,False,False,False,False,False,True,True,False
360.0,1.0,1,1,5704.0,4.787491742782046,8.648922962094131,0.021037868162692847,True,True,False,False,False,False,False,False,False
360.0,1.0,1,1,4124.0,4.74493212836325,8.32457884513685,0.027885548011639186,False,False,False,False,False,False,False,True,False
360.0,1.0,1,1,9508.0,5.231108616854587,9.159888828480085,0.019667648296171646,True,False,False,False,False,False,False,False,False
360.0,1.0,1,1,5491.0,4.9344739331306915,8.610865667278873,0.025314150427973046,True,True,False,False,False,False,False,False,False
360.0,0.0,0,0,4400.0,4.844187086458591,8.389359819906353,0.028863636363636362,True,True,False,True,False,False,False,True,False
360.0,1.0,1,1,4713.0,4.897839799950911,8.45807992692373,0.028431996605134735,True,True,False,True,False,False,False,False,True
480.0,0.0,0,0,5417.0,4.962844630259907,8.597297435657898,0.026398375484585564,False,False,False,False,False,False,False,False,True
360.0,1.0,1,1,5717.0,5.147494476813453,8.651199471263972,0.03008570928808816,True,True,False,False,False,False,False,True,False
360.0,1.0,1,1,5666.0,4.700480365792417,8.642238680390461,0.01941404871161313,True,True,False,False,True,False,False,False,True
360.0,1.0,1,1,6875.0,5.298317366548036,8.835646922534773,0.02909090909090909,True,True,True,False,False,False,False,True,False
360.0,1.0,1,1,4666.0,4.90527477843843,8.448057452581375,0.028932704672096014,False,True,True,False,False,False,False,False,True
480.0,1.0,0,0,7541.0,5.017279836814924,8.928110078202646,0.020023869513327144,False,False,False,False,False,False,False,False,False
360.0,1.0,0,0,4939.0,4.727387818712341,8.504918160540624,0.02287912532901397,True,True,True,False,False,False,False,False,True
360.0,0.0,0,0,4734.0,4.532599493153256,8.46252579007393,0.01964512040557668,True,True,False,False,False,True,False,False,True
360.0,1.0,1,1,4625.0,4.653960350157523,8.439231649946526,0.022702702702702703,True,True,False,False,False,True,False,True,False
360.0,1.0,1,1,5000.0,4.882801922586371,8.517193191416238,0.0264,False,False,False,False,False,False,False,False,False
360.0,1.0,1,1,3428.0,4.564348191467836,8.13973227971767,0.028004667444574097,True,True,True,False,False,False,False,False,True
360.0,1.0,1,1,6500.0,4.941642422609304,8.779557455883728,0.021538461538461538,True,False,False,False,False,False,False,False,False
360.0,1.0,0,0,2000.0,4.852030263919617,7.600902459542082,0.064,True,False,False,False,False,True,False,False,True
360.0,1.0,1,1,5428.0,4.90527477843843,8.59932602095476,0.024871039056742816,False,False,False,False,False,False,False,False,False
360.0,0.0,0,0,4263.0,4.6443908991413725,8.35772841676521,0.02439596528266479,False,False,False,False,False,False,False,False,True
360.0,1.0,0,0,20233.0,6.173786103901937,9.915070213779195,0.02372361982899224,True,False,False,False,False,False,False,False,False
360.0,1.0,1,1,7667.0,5.220355825078324,8.944680683558895,0.024129385678883526,True,True,False,True,False,True,False,False,False
360.0,1.0,1,1,2917.0,4.430816798843313,7.978310969867722,0.028796708947548853,False,False,False,False,False,False,False,True,False
360.0,1.0,1,1,5332.0,4.709530201312334,8.5814816812986,0.020817704426106528,True,False,False,False,False,True,False,True,False
360.0,1.0,1,1,2507.0,4.02535169073515,7.826842098158293,0.022337455125648185,False,False,False,False,False,False,False,False,False
84.0,1.0,1,1,5746.0,4.969813299576001,8.656259239539235,0.025060911938739994,True,True,False,True,False,False,True,False,False
360.0,1.0,0,0,4316.0,5.0689042022202315,8.370084326378025,0.036839666357738644,True,True,False,False,False,False,False,False,False
180.0,1.0,1,1,5039.0,4.709530201312334,8.524962928680598,0.022028180194483032,True,True,True,False,False,True,False,False,True
360.0,1.0,1,1,3717.0,4.787491742782046,8.220672170297252,0.03228410008071025,True,True,False,True,False,False,False,True,False
360.0,1.0,1,1,4192.0,4.477336814478207,8.340933226000878,0.02099236641221374,True,True,False,False,False,False,False,False,True
360.0,1.0,1,1,3541.0,4.718498871295094,8.172164452111904,0.031629483196837054,False,False,True,False,False,False,False,True,False
360.0,1.0,0,0,10000.0,5.043425116919247,9.210340371976184,0.0155,True,True,True,False,False,False,True,False,False
360.0,1.0,1,1,4567.0,4.74493212836325,8.426611813185,0.025180643748631486,True,True,False,False,False,False,False,True,False
360.0,1.0,1,1,4531.0,4.820281565605037,8.418697944667139,0.027367027146325315,True,True,False,False,True,False,False,True,False
360.0,1.0,1,1,5191.0,4.852030263919617,8.55468163582723,0.024658062030437296,True,True,False,True,False,True,False,False,False
360.0,1.0,1,1,6151.0,4.882801922586371,8.724369949208368,0.021459925215412127,False,False,False,False,False,False,False,False,False
360.0,1.0,1,1,15000.0,5.703782474656201,9.615805480084347,0.02,True,True,False,False,True,False,False,False,False
360.0,0.0,0,0,13649.0,5.929589143389895,9.521421537856195,0.027547805700051286,True,True,True,False,False,False,True,False,False
360.0,0.0,1,1,4917.0,4.867534450455582,8.50045386741194,0.026438885499288182,True,False,False,False,False,False,False,False,False
360.0,1.0,1,1,7978.0,5.214935757608986,8.984443032465352,0.023063424417147156,True,True,False,False,False,False,True,True,False
360.0,1.0,0,0,6784.0,4.700480365792417,8.822322177471738,0.016214622641509434,False,True,False,False,False,False,False,False,True
360.0,1.0,1,1,2500.0,4.204692619390966,7.824046010856292,0.0268,False,False,False,False,False,False,False,False,True
360.0,1.0,1,1,6177.0,4.762173934797756,8.728587995695898,0.01894123360854784,True,False,True,False,False,False,False,False,True
360.0,1.0,1,1,2935.0,4.584967478670572,7.984462732262196,0.03339011925042589,True,False,False,False,False,False,False,True,False
360.0,1.0,1,1,2833.0,4.2626798770413155,7.949091499830517,0.025061771973173313,True,False,False,False,False,False,False,False,True
180.0,1.0,1,1,63337.0,6.194405391104672,11.05622495553552,0.007736394208756335,True,True,False,False,False,False,False,False,True
180.0,1.0,1,1,11666.0,5.204006687076795,9.364433907313582,0.015600891479513115,True,True,True,False,False,False,True,False,True
360.0,1.0,1,1,9993.0,4.248495242049359,9.209640126861789,0.007004903432402682,True,True,False,False,False,False,True,True,False
360.0,1.0,1,1,5938.0,5.075173815233827,8.689127655323706,0.02694509936005389,True,True,True,False,False,False,False,False,False
360.0,1.0,1,1,7100.0,5.170483995038151,8.867850063029406,0.024788732394366197,True,True,False,True,False,False,True,False,False
360.0,0.0,0,0,1830.0,4.852030263919617,7.512071245835466,0.06994535519125683,False,False,False,False,True,True,False,False,True
360.0,1.0,1,1,4160.0,4.2626798770413155,8.333270353255308,0.01706730769230769,False,False,False,False,False,False,False,True,False
360.0,1.0,0,0,4234.0,5.153291594497779,8.350902451694811,0.040859707132735006,True,True,False,False,True,True,False,False,False
360.0,1.0,0,0,2378.0,3.828641396489095,7.774015077250727,0.01934398654331371,False,False,False,False,False,False,False,False,False
360.0,1.0,1,1,5783.0,5.062595033026967,8.662677858158219,0.027321459450112398,True,True,True,False,False,True,False,False,True
360.0,1.0,1,1,3173.0,4.30406509320417,8.062432791583195,0.023321777497636306,True,True,False,False,True,True,False,True,False
360.0,1.0,1,1,4913.0,4.8283137373023015,8.499640032168648,0.0254427030327702,True,True,False,True,False,False,False,False,False
360.0,1.0,1,1,4957.0,5.075173815233827,8.508555998020574,0.03227758725035303,True,True,False,False,False,False,False,True,False
360.0,0.0,0,0,6753.0,5.0238805208462765,8.817742129574842,0.02250851473419221,True,True,False,False,False,True,False,False,False
360.0,1.0,1,1,5251.0,4.836281906951478,8.566173813637858,0.023995429442011044,True,True,False,True,False,True,False,False,True
360.0,1.0,1,1,10916.0,5.556828061699537,9.29798488182823,0.02372663979479663,True,True,False,False,False,False,False,True,False
360.0,1.0,1,1,8875.0,5.231108616854587,9.090993614343617,0.021070422535211266,True,True,False,False,False,False,False,False,False
360.0,1.0,1,1,9083.0,5.429345628954441,9.114159813502214,0.025101838599581636,True,True,False,False,False,False,False,True,False
360.0,1.0,0,0,12917.0,5.730099782973574,9.466299552232016,0.023844545947201364,True,False,False,False,False,False,False,False,False
360.0,1.0,1,1,4749.0,4.553876891600541,8.465689348549121,0.02000421141292904,True,True,False,False,True,False,False,False,False
360.0,0.0,0,0,5500.0,4.653960350157523,8.612503371220562,0.019090909090909092,False,True,False,False,False,False,True,False,False
360.0,1.0,1,1,2928.0,4.867534450455582,7.982074875081202,0.04439890710382514,False,True,False,False,False,False,False,True,False
180.0,1.0,1,1,3813.0,4.7535901911063645,8.246171559857563,0.03042223970626803,False,False,False,False,False,False,False,False,True
360.0,1.0,1,1,11500.0,5.10594547390058,9.350102314351341,0.014347826086956521,True,True,False,True,False,False,False,False,False
360.0,1.0,0,0,3875.0,4.204692619390966,8.262300941787448,0.01729032258064516,True,True,True,False,False,False,False,False,True
480.0,0.0,0,0,4666.0,4.605170185988092,8.448057452581375,0.021431633090441493,True,True,False,False,False,True,False,False,True
360.0,1.0,1,1,8334.0,5.298317366548036,9.0280988119824,0.023998080153587713,True,True,False,False,True,False,False,True,False
360.0,1.0,0,0,4723.0,4.394449154672439,8.460199469896118,0.017150116451408005,False,False,True,False,False,False,False,True,False
360.0,1.0,1,1,8667.0,5.4638318050256105,9.067277989134345,0.027229721933771777,True,True,False,True,False,False,False,True,False
360.0,1.0,1,1,7083.0,4.867534450455582,8.865452825753623,0.01835380488493576,True,True,False,False,False,False,False,False,True
300.0,1.0,1,1,6046.0,4.553876891600541,8.707152175339404,0.0157128680119087,True,True,False,False,False,False,False,False,True
360.0,1.0,1,1,6822.0,4.948759890378168,8.82790796297859,0.020668425681618294,True,False,False,False,False,False,True,False,False
360.0,1.0,0,0,6216.0,4.890349128221754,8.734881892047483,0.021396396396396396,True,False,False,False,False,True,False,False,False
480.0,1.0,0,0,2500.0,4.564348191467836,7.824046010856292,0.0384,True,False,False,False,False,False,False,True,False
360.0,0.0,0,0,5124.0,4.820281565605037,8.541690663016626,0.02419984387197502,True,False,False,False,False,False,False,False,False
360.0,1.0,1,1,6325.0,5.1647859739235145,8.752265313595721,0.02766798418972332,True,True,True,False,False,False,False,True,False
360.0,1.0,0,0,24996.0,6.345636360828596,10.126471091048971,0.022803648583773404,True,True,False,False,False,False,False,False,False
360.0,1.0,1,1,15759.0,4.007333185232471,9.665166909622071,0.0034900691668253063,False,False,False,False,False,False,True,True,False
360.0,1.0,1,1,5185.0,5.043425116919247,8.553525120663627,0.029893924783027964,True,True,False,True,False,False,False,True,False
300.0,1.0,1,1,17196.0,5.940171252720432,9.752432077616172,0.02209816236334031,True,True,False,True,False,False,True,False,False
180.0,0.0,0,0,5049.0,4.709530201312334,8.526945482858915,0.021984551396316103,True,False,True,False,False,False,False,False,True
360.0,1.0,1,1,4223.0,4.700480365792417,8.348301054933943,0.02604783329386692,False,False,False,False,False,False,False,False,True
180.0,1.0,1,1,5740.0,4.787491742782046,8.655214489313613,0.020905923344947737,True,True,False,False,False,False,False,False,True
360.0,1.0,1,1,13746.0,4.867534450455582,9.52850315168155,0.009457296668121635,True,True,False,False,True,False,False,False,False
360.0,1.0,1,1,4310.0,4.867534450455582,8.368693183097793,0.030162412993039442,True,True,False,False,False,False,False,True,False
480.0,1.0,0,0,3069.0,4.2626798770413155,8.029107054619736,0.023134571521668295,True,False,False,False,False,False,False,False,True
360.0,1.0,1,1,5391.0,4.867534450455582,8.592486175451668,0.024114264514932295,True,True,False,True,False,False,False,False,True
360.0,1.0,1,1,5833.0,4.852030263919617,8.671286726753637,0.021944111092062405,True,True,False,False,False,False,False,True,False
360.0,1.0,1,1,10173.0,5.69035945432406,9.227492430793749,0.029096628329892852,True,False,False,False,False,False,False,True,False
360.0,1.0,1,1,6000.0,5.049856007249537,8.699514748210191,0.026,False,False,False,False,False,False,False,False,True
360.0,1.0,1,1,7167.0,4.852030263919617,8.877242435993919,0.017859634435607646,True,False,False,False,False,False,True,False,True
360.0,1.0,0,0,4566.0,4.605170185988092,8.42639282708974,0.021901007446342532,True,True,False,True,False,False,False,False,True
180.0,1.0,1,1,3667.0,4.727387818712341,8.207129168071326,0.030815380419961822,True,False,True,False,False,False,False,False,True
360.0,1.0,1,1,3946.0,4.882801922586371,8.28045768658256,0.03345159655347187,True,False,False,False,False,True,False,True,False
360.0,0.0,0,0,6146.0,4.852030263919617,8.72355674269043,0.02082655385616661,True,True,False,False,False,True,False,False,True
360.0,1.0,1,1,4750.0,4.912654885736052,8.465899897028686,0.02863157894736842,True,True,False,False,False,False,False,False,True
360.0,1.0,1,1,5488.0,4.8283137373023015,8.610319169405722,0.022776967930029153,True,True,False,False,False,False,False,False,False
360.0,1.0,1,1,9167.0,5.220355825078324,9.123365357961776,0.020181084324206393,True,False,False,False,True,False,False,False,False
360.0,1.0,1,1,9504.0,5.616771097666572,9.159468041602427,0.028935185185185185,True,True,False,False,True,False,False,False,False
360.0,1.0,1,1,4698.0,4.787491742782046,8.454892165218858,0.02554278416347382,True,True,False,False,False,False,False,False,True
180.0,1.0,1,1,3618.0,4.727387818712341,8.193676665955241,0.03123272526257601,True,True,False,True,False,True,False,True,False
360.0,1.0,1,1,4500.0,4.727387818712341,8.411832675758411,0.025111111111111112,True,True,False,True,False,False,False,False,True
360.0,1.0,1,1,3760.0,4.90527477843843,8.23217423638394,0.03590425531914894,True,True,False,True,False,False,False,True,False
360.0,0.0,0,0,3180.0,4.2626798770413155,8.064636475774222,0.02232704402515723,False,False,False,False,False,False,False,False,True
360.0,1.0,1,1,4492.0,4.553876891600541,8.410053315858335,0.021148708815672306,True,True,False,False,False,False,False,False,True
360.0,1.0,1,1,5568.0,4.6913478822291435,8.624791202014256,0.019576149425287355,True,False,False,False,False,True,False,False,False
360.0,0.0,0,0,3300.0,4.634728988229636,8.101677747454572,0.031212121212121212,False,False,False,False,False,False,False,True,False
180.0,0.0,0,0,2889.0,3.8066624897703196,7.968665700466235,0.01557632398753894,True,True,False,True,False,True,False,False,True
300.0,1.0,0,0,2755.0,4.174387269895637,7.9211727215870145,0.023593466424682397,True,False,False,False,False,True,False,False,False
360.0,1.0,1,1,22500.0,4.634728988229636,10.021270588192511,0.004577777777777778,True,False,False,False,False,False,False,True,False
360.0,1.0,1,1,1963.0,3.970291913552122,7.5822291942764615,0.026999490575649515,False,False,False,False,False,True,False,True,False
360.0,1.0,0,0,7441.0,5.267858159063328,8.914760527397261,0.026071764547775836,False,False,False,False,False,False,True,False,False
360.0,1.0,1,1,4547.0,4.74493212836325,8.42222295382501,0.025291400923685946,False,False,False,False,False,False,False,True,False
360.0,1.0,1,1,4567.0,4.74493212836325,8.426611813185,0.025180643748631486,True,True,False,False,False,True,False,False,True
360.0,1.0,1,1,2213.0,4.189654742026425,7.70210434005105,0.0298237686398554,False,False,False,False,False,True,False,False,False
300.0,0.0,0,0,8300.0,5.0238805208462765,9.02401079378469,0.018313253012048194,True,True,True,False,False,False,False,True,False
360.0,0.0,0,0,81000.0,5.886104031450156,11.302204433654575,0.0044444444444444444,True,True,False,False,True,False,False,False,False
360.0,1.0,0,0,3867.0,4.127134385045092,8.260234291607297,0.016033100594776313,False,False,True,False,False,True,True,True,False
360.0,1.0,1,1,6256.0,5.075173815233827,8.741296282225147,0.02557544757033248,True,True,False,False,False,False,False,False,True
360.0,0.0,0,0,6096.0,5.384495062789089,8.715388097366482,0.035761154855643046,True,True,False,False,False,True,False,False,False
360.0,1.0,1,1,4286.0,4.700480365792417,8.363109176033522,0.025664955669622024,True,True,False,False,False,True,False,False,False
360.0,0.0,0,0,5386.0,5.181783550292085,8.591558273371545,0.03304864463423691,False,True,False,False,False,True,False,True,False
360.0,1.0,1,1,2995.0,4.0943445622221,8.00469951054955,0.02003338898163606,False,False,False,False,False,False,False,False,True
360.0,1.0,0,0,2600.0,5.075173815233827,7.8632667240095735,0.06153846153846154,False,False,True,False,False,False,False,False,True
360.0,1.0,0,0,21600.0,5.476463551931511,9.980448593672257,0.011064814814814816,True,True,False,True,False,False,True,False,True
360.0,1.0,1,1,3798.0,4.718498871295094,8.242229891372231,0.02948920484465508,True,True,False,False,False,False,False,False,False
360.0,1.0,1,1,4663.0,4.927253685157205,8.44741429680832,0.029594681535492173,True,True,False,False,False,False,False,True,False
360.0,1.0,1,1,5829.0,4.927253685157205,8.67060073804555,0.023674729799279464,True,True,False,False,False,False,False,False,False
360.0,0.0,0,0,2720.0,4.382026634673881,7.908387159290043,0.029411764705882353,False,False,False,False,False,True,False,False,True
360.0,1.0,1,1,3539.0,4.605170185988092,8.171599480345463,0.028256569652444195,True,True,False,False,False,False,False,False,True
360.0,0.0,0,0,8917.0,4.700480365792417,9.095714846134879,0.01233598743972188,True,True,True,False,False,False,False,False,True
360.0,1.0,1,1,14880.0,4.564348191467836,9.607773308387083,0.0064516129032258064,True,True,False,False,False,False,False,True,False
360.0,1.0,1,1,6966.0,4.795790545596741,8.848796450925947,0.01737008326155613,True,True,False,False,False,False,False,False,False
360.0,1.0,0,0,4606.0,4.394449154672439,8.43511508038063,0.017585757707338254,False,False,True,False,False,True,False,False,False
360.0,1.0,1,1,5935.0,4.890349128221754,8.688622307043769,0.02240943555181129,True,True,False,True,False,False,False,True,False
360.0,1.0,1,1,2936.12000084,4.465908118654584,7.984844261119869,0.029630941506174818,True,True,False,False,False,False,False,False,False
180.0,1.0,1,1,2717.0,4.0943445622221,7.907283609426348,0.02208317997791682,True,False,False,False,False,True,False,False,True
360.0,1.0,1,1,8624.0,5.0106352940962555,9.06230429314878,0.017393320964749538,False,False,True,False,False,False,True,True,False
360.0,0.0,0,0,6500.0,4.653960350157523,8.779557455883728,0.016153846153846154,True,False,False,False,False,False,False,False,False
360.0,1.0,1,1,12876.0,6.003887067106539,9.463120392418698,0.03145386766076421,True,False,False,False,False,False,False,True,False
360.0,1.0,1,1,4765.0,4.962844630259907,8.469052816088302,0.030010493179433367,True,True,False,False,False,False,False,True,False
360.0,1.0,1,1,3750.0,4.605170185988092,8.229511118964457,0.02666666666666667,True,False,False,False,False,False,False,False,True
240.0,1.0,1,1,10047.0,4.852030263919617,9.215029361462314,0.012740121429282374,False,True,False,False,False,False,False,True,False
360.0,1.0,1,1,3777.0,3.912023005428146,8.236685322712457,0.013238019592268996,True,False,False,False,False,False,False,True,False
360.0,1.0,1,1,3338.0,4.852030263919617,8.11312710422178,0.03834631515877771,True,True,False,False,False,False,False,False,True
360.0,0.0,0,0,10416.0,5.231108616854587,9.251098364448351,0.0179531490015361,True,False,False,False,False,False,True,False,True
360.0,1.0,1,1,7142.0,4.927253685157205,8.873748128154395,0.019322318678241388,False,True,False,False,False,True,True,False,False
360.0,1.0,1,1,8724.0,5.231108616854587,9.07383312732152,0.021435121503897293,True,False,False,False,False,False,False,True,False
360.0,1.0,1,1,9734.0,5.19295685089021,9.1833801903934,0.018491884117526197,True,True,False,False,False,False,False,False,False
360.0,1.0,1,1,6700.0,4.997212273764115,8.809862805379057,0.02208955223880597,True,False,False,False,True,True,False,True,False
360.0,1.0,1,1,37719.0,5.0238805208462765,10.537919225261291,0.004029799305389856,True,False,True,False,False,False,False,True,False
300.0,1.0,1,1,15666.0,5.1647859739235145,9.659248037927183,0.011170688114387846,True,True,False,False,False,False,False,False,False
360.0,1.0,1,1,4676.0,4.867534450455582,8.450198322591959,0.027801539777587682,True,True,True,False,False,False,True,False,False
360.0,1.0,1,1,4652.0,4.700480365792417,8.445052513638554,0.023645743766122097,True,True,False,True,False,True,False,False,False
360.0,1.0,0,0,4915.0,4.007333185232471,8.500047032581268,0.011190233977619531,True,True,False,False,False,False,False,False,False
360.0,0.0,0,0,5050.0,5.0106352940962555,8.527143522269405,0.0297029702970297,True,True,False,True,False,False,False,False,False
360.0,1.0,0,0,4311.0,5.247024072160486,8.368925174747135,0.04407330085826954,True,False,True,False,False,True,True,True,False
360.0,0.0,0,0,3564.0,4.8283137373023015,8.1786387885907,0.035072951739618406,True,True,False,True,False,True,False,False,False
300.0,1.0,1,1,3414.0,4.0943445622221,8.135639903354386,0.01757469244288225,True,True,False,True,False,True,False,False,True
360.0,0.0,0,0,5681.0,5.003946305945459,8.644882552557126,0.02622777679985918,True,True,False,False,False,False,False,False,False
180.0,0.0,1,1,4949.0,4.499809670330265,8.506940814951886,0.018185492018589614,True,True,False,False,False,False,False,False,False
360.0,1.0,1,1,7085.0,4.430816798843313,8.865735152124781,0.011856033874382499,True,False,False,False,False,False,True,True,False
360.0,1.0,1,1,3859.0,4.564348191467836,8.258163361537619,0.024876911116869654,True,True,False,True,False,False,False,True,False
360.0,1.0,1,1,4301.0,4.770684624465665,8.366602832783736,0.027435480120902116,True,True,False,False,False,False,False,False,True
360.0,1.0,0,0,6277.0,5.153291594497779,8.744647438317532,0.027560936753226063,True,True,False,False,False,False,False,False,True
360.0,1.0,1,1,4354.0,4.912654885736052,8.378850241794492,0.03123564538355535,True,False,False,True,False,False,False,False,False
360.0,1.0,0,0,8334.0,5.075173815233827,9.0280988119824,0.01919846412287017,True,True,False,False,False,False,False,True,False
360.0,1.0,1,1,6166.0,5.075173815233827,8.726805608446096,0.025948751216347713,True,True,False,False,False,False,True,True,False
180.0,1.0,1,1,7740.0,4.852030263919617,8.954156966583772,0.016537467700258397,True,True,False,False,True,False,False,False,True
360.0,1.0,1,1,5203.0,5.030437921392435,8.556990661290303,0.02940611185854315,True,True,False,False,False,False,False,False,False
360.0,1.0,1,1,5191.0,4.882801922586371,8.55468163582723,0.025428626468888462,False,False,True,False,False,True,False,True,False
360.0,0.0,0,0,4166.0,4.584967478670572,8.334711621820917,0.023523763802208355,True,False,False,False,False,False,False,True,False
360.0,1.0,1,1,6000.0,4.941642422609304,8.699514748210191,0.023333333333333334,True,False,False,False,False,False,False,False,False
180.0,0.0,0,0,4611.0,4.248495242049359,8.436200032206706,0.015181088700932552,True,True,False,False,True,True,False,False,True
360.0,1.0,1,1,16692.0,4.700480365792417,9.722684841711443,0.006589983225497244,True,True,False,False,False,False,False,True,False
360.0,1.0,1,1,3127.0,4.584967478670572,8.047829357457841,0.03133994243684042,False,True,False,True,False,True,False,True,False
360.0,1.0,0,0,6784.0,4.700480365792417,8.822322177471738,0.016214622641509434,True,True,False,False,False,False,False,False,True
360.0,1.0,1,1,5529.0,5.087596335232384,8.617762246337932,0.02930005425935974,True,True,True,False,False,False,True,True,False
180.0,0.0,0,0,4153.0,4.727387818712341,8.331586243630754,0.027209246327955693,True,True,True,False,False,True,False,False,False
360.0,1.0,1,1,4691.0,4.605170185988092,8.453401058328458,0.021317416329140908,True,True,False,False,True,False,False,True,False
360.0,1.0,1,1,2500.0,4.532599493153256,7.824046010856292,0.0372,False,False,False,False,False,False,True,False,True
360.0,1.0,1,1,10180.0,5.087596335232384,9.228180290104513,0.015913555992141455,True,False,False,True,False,False,False,False,False
360.0,1.0,1,1,17539.0,5.0106352940962555,9.772182251758139,0.008552369006214722,True,True,False,True,False,False,True,False,False
300.0,1.0,1,1,8450.0,5.438079308923196,9.041921720351219,0.027218934911242602,True,True,False,True,False,False,False,True,False
360.0,0.0,0,0,4745.0,4.882801922586371,8.464846711044029,0.027818756585879872,True,True,False,True,False,False,False,True,False
360.0,1.0,1,1,18917.0,4.454347296253507,9.847816267665664,0.004546175397790347,True,True,True,False,False,False,True,True,False
360.0,1.0,0,0,4550.0,4.852030263919617,8.422882511944996,0.028131868131868132,True,True,False,True,False,False,False,False,True
360.0,1.0,1,1,4350.0,5.0369526024136295,8.37793112408273,0.035402298850574714,False,False,False,False,False,True,False,False,False
360.0,1.0,1,1,3095.0,4.727387818712341,8.037543185118697,0.03651050080775444,True,True,False,False,True,True,False,False,False
360.0,1.0,1,1,5233.0,4.852030263919617,8.562740006372207,0.024460156697878845,True,True,False,False,False,False,False,True,False
360.0,1.0,1,1,10833.0,5.455321115357702,9.290352309945568,0.02160066463583495,True,True,False,False,False,False,False,True,False
360.0,1.0,1,1,8333.0,5.5053315359323625,9.027978814382207,0.029521180847233888,True,True,False,True,False,False,False,True,False
360.0,1.0,1,1,4394.0,4.875197323201151,8.387995252944556,0.029813381884387802,True,True,True,False,False,True,False,False,False
360.0,0.0,0,0,3547.0,4.382026634673881,8.173857454773621,0.02255427121511136,True,False,False,True,False,False,False,False,False
360.0,1.0,0,0,18333.0,6.214608098422191,9.816457993563025,0.02727322314951181,True,True,True,False,False,False,False,False,True
360.0,1.0,1,1,6666.0,5.075173815233827,8.804775258867686,0.024002400240024,True,True,False,True,False,False,True,True,False
360.0,1.0,0,0,2435.0,4.31748811353631,7.79770203551669,0.030800821355236138,True,False,False,False,False,False,False,False,True
360.0,1.0,1,1,5484.0,4.564348191467836,8.609590040682205,0.0175054704595186,True,False,False,False,False,True,False,True,False
360.0,1.0,1,1,6464.0,5.225746673713202,8.774003600200931,0.028774752475247526,True,True,True,False,False,True,False,False,True
360.0,1.0,1,1,3691.0,4.700480365792417,8.213652703029998,0.029802221620157138,True,False,False,False,False,True,False,False,False
360.0,1.0,1,1,17263.0,5.41610040220442,9.756320761816548,0.013033655795632277,False,False,False,False,False,True,True,True,False
360.0,0.0,0,0,5754.0,4.77912349311153,8.657650544111494,0.02068126520681265,True,True,False,False,False,False,False,False,False
84.0,1.0,1,1,4239.0,4.653960350157523,8.352082671352637,0.024769992922859165,False,True,True,False,False,False,False,True,False
360.0,1.0,1,1,4300.0,4.672828834461906,8.366370301681654,0.02488372093023256,True,True,False,False,False,True,False,False,False
12.0,1.0,1,1,7482.0,4.709530201312334,8.920255414908091,0.01483560545308741,True,True,False,False,False,False,False,False,True
360.0,1.0,1,1,2895.0,4.553876891600541,7.970740390007095,0.03281519861830743,True,True,True,False,False,False,True,True,False
360.0,0.0,0,0,10699.0,5.342334251964811,9.277905558138606,0.019534535937938125,True,False,False,False,False,False,False,False,False
480.0,1.0,1,1,4328.0,4.727387818712341,8.372860820526318,0.0261090573012939,False,False,False,False,False,False,False,False,False
360.0,1.0,1,1,3159.0,4.605170185988092,8.058010800802085,0.03165558721114277,False,False,False,False,False,False,False,True,False
360.0,1.0,1,1,10489.0,5.337538079701318,9.258082367961604,0.01983029840785585,True,True,False,True,False,False,False,True,False
360.0,1.0,0,0,9352.0,4.927253685157205,9.143345503151904,0.014756201881950384,True,True,True,False,False,True,False,False,False
300.0,1.0,1,1,5297.0,4.820281565605037,8.574895901544526,0.0234094770624882,True,True,False,False,False,True,False,True,False
360.0,1.0,1,1,7926.0,5.493061443340548,8.97790377375038,0.030658591975775928,True,True,False,True,False,False,False,False,False
360.0,1.0,1,1,27500.0,6.173786103901937,10.221941283654663,0.017454545454545455,True,True,False,False,False,False,False,False,True
360.0,1.0,0,0,3583.0,4.564348191467836,8.183955717304954,0.026793190064192018,True,False,False,False,False,False,False,False,True
360.0,1.0,1,1,5492.0,5.236441962829949,8.61104776688786,0.03423160961398398,True,True,False,False,False,False,True,False,True
360.0,1.0,1,1,13262.0,3.6888794541139363,9.492658081928813,0.003016136329362087,False,False,True,False,False,False,False,False,True
360.0,1.0,0,0,4885.0,4.605170185988092,8.493924564476883,0.02047082906857728,True,False,False,False,False,True,False,False,False
360.0,1.0,1,1,8069.0,5.521460917862246,8.995784837848506,0.030982773577890692,True,True,True,False,False,False,False,True,False
360.0,1.0,1,1,5318.0,4.997212273764115,8.578852571802965,0.027830011282437006,True,True,False,True,False,False,False,False,True
180.0,1.0,0,0,8796.0,4.248495242049359,9.082052351674651,0.007958162801273306,True,True,False,False,False,False,False,True,False
360.0,1.0,0,0,9481.0,5.739792912179234,9.15704507491796,0.03280244699926168,True,False,False,False,False,False,False,False,False
360.0,1.0,1,1,6894.0,5.0106352940962555,8.83840674707681,0.02175805047867711,True,True,False,False,True,False,False,False,False
480.0,1.0,1,1,3663.0,4.727387818712341,8.206037762778815,0.03084903084903085,False,True,False,True,False,False,False,True,False
360.0,0.0,0,0,4874.0,4.812184355372417,8.491670234185152,0.025235945835043086,True,True,False,False,False,True,False,True,False
360.0,1.0,0,0,6598.0,5.220355825078324,8.794521851788527,0.02803879963625341,True,False,False,False,False,False,False,True,False
360.0,1.0,0,0,3400.0,4.553876891600541,8.131530710604252,0.027941176470588237,False,False,False,False,False,True,False,False,False
360.0,1.0,1,1,3934.0,3.8066624897703196,8.277411998949004,0.011438739196746314,True,True,False,True,False,True,False,True,False
360.0,1.0,1,1,2500.0,4.007333185232471,7.824046010856292,0.022,True,False,False,False,False,False,False,True,False
360.0,1.0,1,1,7101.0,4.605170185988092,8.867990898182093,0.01408252358822701,True,True,False,False,True,False,True,False,False
360.0,1.0,1,1,15114.0,6.173786103901937,9.623376745580666,0.031758634378721715,True,True,False,True,False,False,True,False,False
360.0,1.0,0,0,6767.0,4.852030263919617,8.819813136232225,0.01891532436825772,True,False,False,False,False,False,False,True,False
360.0,1.0,1,1,17500.0,5.991464547107982,9.769956159911606,0.022857142857142857,True,True,False,True,False,False,True,False,False
360.0,1.0,1,1,3775.0,4.700480365792417,8.236155661683124,0.02913907284768212,True,True,False,False,False,False,False,True,False
360.0,0.0,1,1,6715.0,5.081404364984463,8.812099108957337,0.023976172747580043,True,True,True,False,False,True,False,True,False
360.0,1.0,1,1,3981.0,4.543294782270004,8.289288323000317,0.02361215774930922,True,False,True,False,False,True,False,True,False
360.0,1.0,1,1,6783.0,4.867534450455582,8.82217476094608,0.019165560961226596,True,False,False,False,False,True,False,True,False
360.0,1.0,1,1,6525.0,5.375278407684165,8.783396232190894,0.03310344827586207,True,True,False,False,False,False,False,False,False
360.0,1.0,1,1,4281.0,4.605170185988092,8.361941906144946,0.023359028264424198,True,True,False,False,True,False,False,False,True
360.0,0.0,0,0,3588.0,4.700480365792417,8.185350223178686,0.030657748049052396,True,False,False,True,False,False,False,False,False
360.0,1.0,0,0,11250.0,5.278114659230517,9.328123407632566,0.01742222222222222,True,False,True,False,False,False,False,True,False
360.0,1.0,1,1,18165.0,4.8283137373023015,9.807251944655302,0.006881365262868153,False,False,False,False,False,True,True,False,True
360.0,1.0,1,1,4592.0,4.836281906951478,8.432070937999402,0.027439024390243903,True,False,False,False,False,True,False,False,False
360.0,1.0,1,1,10039.0,5.780743515792329,9.214232786691527,0.03227413088953083,True,True,False,False,False,False,False,False,True
360.0,1.0,1,1,3617.0,4.672828834461906,8.193400231952097,0.029582526956040918,True,False,False,True,False,False,False,True,False
360.0,1.0,0,0,3453.0,4.189654742026425,8.146998697389993,0.019113814074717638,True,True,False,False,False,True,False,False,False
180.0,1.0,1,1,6417.0,5.056245805348308,8.766705997750515,0.02446626149290946,True,True,False,False,True,False,False,False,False
180.0,1.0,1,1,7453.0,4.941642422609304,8.916371914881694,0.018784382128002146,False,True,True,False,False,False,False,True,False
360.0,0.0,0,0,2138.0,4.59511985013459,7.6676260915849905,0.04630495790458372,False,False,False,False,False,False,False,True,False
360.0,1.0,1,1,3652.0,4.553876891600541,8.20303024171486,0.026013143483023003,False,False,True,False,False,False,False,True,False
360.0,1.0,1,1,4763.0,4.852030263919617,8.46863300080086,0.026873819021625025,True,True,True,False,False,True,False,False,True
360.0,1.0,1,1,3680.0,4.624972813284271,8.210668031162976,0.027717391304347826,False,True,False,False,False,True,False,True,False
360.0,1.0,1,1,4718.0,5.043425116919247,8.45914025996762,0.03285290377278508,True,True,False,False,False,False,False,False,False
36.0,1.0,0,0,3358.0,4.382026634673881,8.119100837637486,0.023823704586063133,True,False,False,False,False,True,False,True,False
360.0,1.0,1,1,4309.0,4.976733742420574,8.368461137615839,0.03365049895567417,True,False,False,False,False,False,False,False,False
360.0,0.0,0,0,5000.0,4.634728988229636,8.517193191416238,0.0206,False,False,False,False,False,False,False,True,False
360.0,1.0,1,1,4801.0,4.700480365792417,8.476579508530941,0.022911893355550928,True,True,False,False,False,False,False,False,False
360.0,0.0,0,0,6633.0,4.852030263919617,8.799812469525556,0.019297452133273028,True,True,False,True,False,False,True,False,False
360.0,1.0,1,1,4867.0,4.852030263919617,8.490233009833455,0.026299568522703924,True,True,True,False,False,True,False,False,False
360.0,1.0,1,1,6583.0,5.062595033026967,8.792245847467877,0.024001215251405136,True,True,True,False,False,False,False,False,True
360.0,0.0,0,0,4787.0,5.198497031265826,8.473659189392508,0.03781073741382912,True,True,False,False,False,True,False,False,True
180.0,0.0,0,0,7859.0,4.882801922586371,8.969414650866176,0.01679603002926581,True,True,False,False,False,False,False,False,False
360.0,1.0,1,1,6500.0,3.258096538021482,8.779557455883728,0.004,True,True,True,False,False,False,False,True,False
360.0,1.0,1,1,4292.0,4.430816798843313,8.36450810375059,0.0195712954333644,False,False,False,False,False,False,False,False,True
360.0,1.0,1,1,10139.0,5.560681631015528,9.22414465295258,0.025643554591182564,True,True,False,False,True,False,True,True,False
360.0,1.0,1,1,6556.0,5.087596335232384,8.78813593986372,0.02471018913971934,True,True,False,False,False,False,False,True,False
360.0,1.0,1,1,6486.0,5.204006687076795,8.777401286867264,0.028060437866173297,False,True,False,False,False,False,False,True,False
360.0,1.0,1,1,3917.0,4.68213122712422,8.27308133366583,0.027572121521572634,True,True,False,True,False,True,False,True,False
360.0,1.0,1,1,19484.0,6.396929655216146,9.877348894926433,0.03079449804968179,False,True,True,False,False,False,True,True,False
360.0,1.0,1,1,7977.0,5.351858133476067,8.984317679911129,0.02645104675943337,True,True,False,False,False,False,False,False,False
360.0,1.0,1,1,5800.0,4.882801922586371,8.66561319653451,0.022758620689655173,True,False,False,False,False,True,True,True,False
360.0,0.0,0,0,8799.0,5.552959584921617,9.08239335764556,0.029321513808387316,True,True,False,True,False,False,False,False,True
360.0,1.0,1,1,4467.0,4.787491742782046,8.404472321352118,0.026863666890530557,True,True,False,False,False,True,False,False,False
360.0,1.0,1,1,3333.0,4.248495242049359,8.11162807830774,0.021002100210021003,True,False,False,False,False,False,False,False,True
360.0,0.0,0,0,5900.0,4.812184355372417,8.68270762989381,0.020847457627118645,True,True,False,False,True,False,False,False,False
360.0,1.0,0,0,2378.0,2.1972245773362196,7.774015077250727,0.0037846930193439865,False,False,False,False,False,False,False,False,True
360.0,0.0,0,0,5230.0,4.6443908991413725,8.56216655705897,0.01988527724665392,True,True,False,False,False,False,False,False,True
360.0,1.0,1,1,5167.0,5.225746673713202,8.550047528287184,0.035997677569189084,True,True,True,False,False,False,False,False,True
360.0,0.0,0,0,6567.0,5.10594547390058,8.789812386190972,0.02512562814070352,True,True,False,False,False,False,False,False,True
360.0,1.0,1,1,16666.0,5.616771097666572,9.721125994942152,0.016500660026401055,True,True,False,True,False,False,False,False,True
480.0,1.0,0,0,7750.0,5.231108616854587,8.955448122347393,0.024129032258064516,True,True,False,True,False,True,False,True,False
360.0,1.0,0,0,6406.0,5.0106352940962555,8.764990330169104,0.023415547923821417,True,True,False,False,True,False,False,True,False
84.0,1.0,1,1,3620.0,4.68213122712422,8.194229304819817,0.02983425414364641,True,True,False,True,False,False,False,False,True
360.0,0.0,0,0,5297.0,4.912654885736052,8.574895901544526,0.02567491032659996,True,True,False,False,False,False,False,True,False
360.0,1.0,1,1,5968.0,4.700480365792417,8.694167141883597,0.018431635388739945,True,False,False,False,False,False,False,False,True
360.0,1.0,1,1,4014.0,4.672828834461906,8.297543529356284,0.02665670154459392,True,True,True,False,False,False,False,False,False
360.0,1.0,1,1,6099.0,5.081404364984463,8.715880102296456,0.026397770126250206,True,False,False,False,False,False,False,False,True
360.0,1.0,1,1,6540.0,5.3230099791384085,8.785692444451245,0.03134556574923547,True,True,False,True,False,False,False,True,False
360.0,1.0,0,0,35673.0,4.499809670330265,10.482149379105689,0.0025229164914641325,True,False,False,False,False,False,False,False,True
360.0,1.0,1,1,3166.0,3.58351893845611,8.060224240440958,0.011370814908401769,False,True,False,False,False,False,False,True,False
360.0,1.0,0,0,1880.0,4.110873864173311,7.539027055823995,0.032446808510638296,True,True,True,False,False,False,False,False,False
360.0,0.0,0,0,4704.0,4.983606621708336,8.456168489578463,0.031037414965986394,True,True,True,False,False,False,False,False,False
84.0,1.0,0,0,7283.0,5.147494476813453,8.893298144217916,0.02361664149388988,True,True,True,False,False,False,False,False,False
360.0,1.0,1,1,3819.0,4.6443908991413725,8.247743887225516,0.027232259753862266,True,True,False,False,False,False,False,False,True
360.0,1.0,1,1,2165.0,4.248495242049359,7.68017564043659,0.03233256351039261,False,False,False,False,False,True,False,True,False
360.0,1.0,1,1,4750.0,4.543294782270004,8.465899897028686,0.019789473684210527,True,False,False,False,False,False,False,True,False
360.0,0.0,0,0,2726.0,4.663439094112067,7.9105906122564775,0.03888481291269259,True,True,False,True,False,False,True,True,False
180.0,1.0,1,1,6416.0,4.02535169073515,8.766550149546351,0.008728179551122194,True,True,False,False,False,False,False,True,False
240.0,1.0,0,0,6000.0,5.3230099791384085,8.699514748210191,0.034166666666666665,True,True,False,True,False,False,True,True,False
360.0,1.0,1,1,9357.0,5.676753802268282,9.143880005275912,0.031206583306615368,True,False,False,False,True,False,True,True,False
180.0,1.0,1,1,7159.0,4.955827057601261,8.876125585396185,0.019835172510127112,True,True,False,False,False,False,False,False,False
360.0,1.0,1,1,16120.0,5.560681631015528,9.68781601606062,0.016129032258064516,True,True,False,False,False,False,True,False,True
360.0,1.0,1,1,3833.0,4.700480365792417,8.251403065380556,0.02869814766501435,True,False,False,False,False,True,False,False,False
360.0,1.0,0,0,7383.0,5.231108616854587,8.906935339059165,0.025328457266693756,True,True,False,True,False,True,True,False,False
360.0,0.0,0,0,2987.0,4.477336814478207,8.00202481821611,0.02946099765651155,True,False,False,False,False,False,False,True,False
360.0,1.0,1,1,9963.0,5.19295685089021,9.206633510044856,0.018066847335140017,True,True,False,False,False,False,True,False,False
360.0,1.0,1,1,5780.0,5.2574953720277815,8.662158961666423,0.03321799307958478,True,True,False,True,False,False,False,False,True
180.0,1.0,0,0,42083.0,5.857933154483459,10.647399137646048,0.00831689755958463,False,False,False,False,True,False,False,False,True
360.0,1.0,1,1,5686.0,5.043425116919247,8.645762292210945,0.027259936686598662,True,True,False,False,False,True,False,False,False
360.0,1.0,1,1,5703.0,4.852030263919617,8.648747631156539,0.02244432754690514,True,True,False,False,True,False,False,False,True
360.0,1.0,1,1,7977.0,5.147494476813453,8.984317679911129,0.021561990723329573,True,False,False,False,False,False,False,False,False
360.0,1.0,1,1,12000.0,6.206575926724928,9.392661928770137,0.04133333333333333,False,True,True,False,False,False,False,True,False
180.0,1.0,0,0,6200.0,4.852030263919617,8.732304571033183,0.02064516129032258,True,True,False,False,False,True,False,False,True
360.0,1.0,1,1,5900.0,5.153291594497779,8.68270762989381,0.029322033898305084,True,True,True,False,False,False,False,True,False
360.0,1.0,1,1,5398.0,5.056245805348308,8.59378379357795,0.029084846239347907,True,True,False,True,False,True,False,False,False
360.0,1.0,1,1,5182.0,4.68213122712422,8.552946361122055,0.020841373986877652,True,True,False,False,False,False,False,False,False
360.0,1.0,1,1,2900.0,4.2626798770413155,7.9724660159745655,0.024482758620689656,False,False,False,False,False,False,False,False,False
180.0,1.0,1,1,4106.0,3.6888794541139363,8.32020459757888,0.00974184120798831,True,True,False,False,True,False,False,False,False
360.0,1.0,1,1,8312.0,5.53338948872752,9.025455532779063,0.030437921077959576,True,True,True,False,False,False,False,False,True
360.0,1.0,1,1,7583.0,5.231108616854587,8.933664178700935,0.024660424634049848,True,True,False,True,False,False,False,False,True
360.0,0.0,0,0,4583.0,4.890349128221754,8.430109084509125,0.02902029238490072,False,False,False,False,False,False,True,True,False
